pm10,pm25,genTime,recTime,transTime
344.0,71.0,1715672768919.0,1715672768921.0,1715672768921.0
341.0,225.0,1715672768919.0,1715672768921.0,1715672768925.0
136.0,302.0,1715672768919.0,1715672768928.0,1715672768928.0
67.0,305.0,1715672768921.0,1715672768933.0,1715672768934.0
175.0,319.0,1715672768921.0,1715672768934.0,1715672768934.0
334.0,186.0,1715672768921.0,1715672768934.0,1715672768934.0
206.0,316.0,1715672768921.0,1715672768934.0,1715672768934.0
310.0,216.0,1715672768921.0,1715672768934.0,1715672768934.0
310.0,169.0,1715672768921.0,1715672768941.0,1715672768941.0
256.0,315.0,1715672768921.0,1715672768941.0,1715672768941.0
325.0,199.0,1715672768921.0,1715672768941.0,1715672768941.0
192.0,327.0,1715672768921.0,1715672768946.0,1715672768946.0
301.0,291.0,1715672768925.0,1715672768950.0,1715672768950.0
315.0,171.0,1715672768925.0,1715672768950.0,1715672768950.0
341.0,184.0,1715672768925.0,1715672768950.0,1715672768950.0
282.0,320.0,1715672768925.0,1715672768950.0,1715672768950.0
344.0,271.0,1715672768925.0,1715672768950.0,1715672768954.0
347.0,192.0,1715672768925.0,1715672768959.0,1715672768959.0
310.0,122.0,1715672768925.0,1715672768963.0,1715672768963.0
335.0,196.0,1715672768928.0,1715672768964.0,1715672768964.0
317.0,301.0,1715672768928.0,1715672768971.0,1715672768971.0
326.0,258.0,1715672768928.0,1715672768974.0,1715672768974.0
344.0,284.0,1715672768928.0,1715672768974.0,1715672768974.0
186.0,303.0,1715672768928.0,1715672768974.0,1715672768978.0
81.0,318.0,1715672768928.0,1715672768981.0,1715672768981.0
204.0,336.0,1715672768928.0,1715672768981.0,1715672768981.0
319.0,286.0,1715672768928.0,1715672768986.0,1715672768987.0
305.0,203.0,1715672768933.0,1715672768989.0,1715672768990.0
320.0,99.0,1715672768934.0,1715672768990.0,1715672768992.0
135.0,321.0,1715672768934.0,1715672768992.0,1715672768992.0
346.0,270.0,1715672768934.0,1715672768994.0,1715672768995.0
307.0,225.0,1715672768934.0,1715672768998.0,1715672768998.0
328.0,120.0,1715672768934.0,1715672768998.0,1715672768998.0
281.0,319.0,1715672768934.0,1715672768998.0,1715672768998.0
89.0,341.0,1715672768934.0,1715672769003.0,1715672769003.0
345.0,194.0,1715672768934.0,1715672769003.0,1715672769004.0
128.0,348.0,1715672935157.0,1715672935161.0,1715672935161.0
306.0,184.0,1715672935157.0,1715672935161.0,1715672935161.0
318.0,224.0,1715672935157.0,1715672935161.0,1715672935161.0
132.0,336.0,1715672935157.0,1715672935161.0,1715672935161.0
272.0,325.0,1715672935157.0,1715672935161.0,1715672935170.0
331.0,178.0,1715672935157.0,1715672935170.0,1715672935170.0
117.0,345.0,1715672935157.0,1715672935175.0,1715672935175.0
184.0,342.0,1715672935157.0,1715672935175.0,1715672935179.0
167.0,320.0,1715672935157.0,1715672935179.0,1715672935179.0
322.0,206.0,1715672935157.0,1715672935181.0,1715672935181.0
334.0,167.0,1715672935157.0,1715672935181.0,1715672935181.0
223.0,336.0,1715672935161.0,1715672935186.0,1715672935186.0
277.0,345.0,1715672935161.0,1715672935186.0,1715672935186.0
237.0,331.0,1715672935161.0,1715672935186.0,1715672935186.0
98.0,309.0,1715672935161.0,1715672935186.0,1715672935194.0
159.0,346.0,1715672935161.0,1715672935199.0,1715672935200.0
345.0,294.0,1715672935161.0,1715672935200.0,1715672935200.0
228.0,335.0,1715672935161.0,1715672935200.0,1715672935200.0
175.0,349.0,1715672935161.0,1715672935202.0,1715672935205.0
221.0,340.0,1715672935161.0,1715672935208.0,1715672935208.0
329.0,185.0,1715672935161.0,1715672935213.0,1715672935213.0
160.0,320.0,1715672935161.0,1715672935213.0,1715672935213.0
327.0,125.0,1715672935161.0,1715672935213.0,1715672935213.0
336.0,159.0,1715672935161.0,1715672935213.0,1715672935213.0
322.0,158.0,1715672935170.0,1715672935213.0,1715672935213.0
323.0,63.0,1715672935170.0,1715672935213.0,1715672935213.0
266.0,317.0,1715672935170.0,1715672935213.0,1715672935213.0
184.0,313.0,1715672935170.0,1715672935213.0,1715672935213.0
323.0,313.0,1715672935170.0,1715672935221.0,1715672935221.0
339.0,91.0,1715672935170.0,1715672935229.0,1715672935229.0
256.0,330.0,1715672935170.0,1715672935229.0,1715672935229.0
206.0,334.0,1715672935170.0,1715672935229.0,1715672935229.0
234.0,313.0,1715672935170.0,1715672935234.0,1715672935234.0
344.0,129.0,1715680401320.0,1715680401348.0,1715680401348.0
65.0,336.0,1715680401320.0,1715680401348.0,1715680401348.0
316.0,185.0,1715680401320.0,1715680401348.0,1715680401349.0
238.0,328.0,1715680401320.0,1715680401349.0,1715680401349.0
63.0,349.0,1715680401320.0,1715680401349.0,1715680401351.0
316.0,129.0,1715680401320.0,1715680401351.0,1715680401351.0
160.0,315.0,1715680401320.0,1715680401351.0,1715680401351.0
338.0,170.0,1715680401320.0,1715680401352.0,1715680401352.0
335.0,255.0,1715680401320.0,1715680401352.0,1715680401352.0
209.0,321.0,1715680401320.0,1715680401352.0,1715680401353.0
327.0,311.0,1715680401320.0,1715680401354.0,1715680401354.0
148.0,326.0,1715680401320.0,1715680401354.0,1715680401354.0
310.0,264.0,1715680401336.0,1715680401356.0,1715680401356.0
308.0,342.0,1715680401336.0,1715680401356.0,1715680401356.0
195.0,318.0,1715680401336.0,1715680401356.0,1715680401357.0
322.0,148.0,1715680401336.0,1715680401357.0,1715680401357.0
152.0,314.0,1715680401336.0,1715680401357.0,1715680401358.0
314.0,139.0,1715680401336.0,1715680401359.0,1715680401359.0
338.0,162.0,1715680401336.0,1715680401359.0,1715680401359.0
332.0,78.0,1715680401336.0,1715680401360.0,1715680401360.0
318.0,221.0,1715680401336.0,1715680401360.0,1715680401360.0
339.0,248.0,1715680401336.0,1715680401360.0,1715680401360.0
185.0,319.0,1715680401336.0,1715680401360.0,1715680401363.0
302.0,125.0,1715680401336.0,1715680401363.0,1715680401363.0
333.0,339.0,1715680401336.0,1715680401364.0,1715680401364.0
332.0,62.0,1715680401336.0,1715680401365.0,1715680401365.0
311.0,123.0,1715680401336.0,1715680401367.0,1715680401367.0
334.0,259.0,1715680401336.0,1715680401368.0,1715680401368.0
127.0,316.0,1715680401336.0,1715680401368.0,1715680401368.0
342.0,280.0,1715680401336.0,1715680401368.0,1715680401368.0
269.0,307.0,1715680401336.0,1715680401369.0,1715680401369.0
221.0,342.0,1715680401336.0,1715680401369.0,1715680401370.0
285.0,336.0,1715680401336.0,1715680401370.0,1715680401370.0
310.0,217.0,1715680401336.0,1715680401370.0,1715680401370.0
306.0,277.0,1715706996003.0,1715706996055.0,1715706996055.0
330.0,318.0,1715706996003.0,1715706996056.0,1715706996056.0
340.0,297.0,1715706996003.0,1715706996057.0,1715706996058.0
95.0,341.0,1715706996003.0,1715706996058.0,1715706996058.0
186.0,332.0,1715706996003.0,1715706996061.0,1715706996061.0
315.0,268.0,1715706996003.0,1715706996061.0,1715706996061.0
326.0,329.0,1715706996003.0,1715706996064.0,1715706996064.0
329.0,314.0,1715706996003.0,1715706996064.0,1715706996065.0
128.0,305.0,1715706996003.0,1715706996065.0,1715706996065.0
316.0,289.0,1715706996003.0,1715706996066.0,1715706996066.0
302.0,279.0,1715706996003.0,1715706996066.0,1715706996066.0
167.0,309.0,1715706996003.0,1715706996067.0,1715706996067.0
348.0,225.0,1715706996003.0,1715706996069.0,1715706996069.0
93.0,319.0,1715706996003.0,1715706996071.0,1715706996071.0
179.0,336.0,1715706996006.0,1715706996075.0,1715706996076.0
289.0,301.0,1715706996006.0,1715706996076.0,1715706996076.0
307.0,339.0,1715706996006.0,1715706996079.0,1715706996079.0
251.0,349.0,1715706996006.0,1715706996080.0,1715706996080.0
301.0,306.0,1715706996006.0,1715706996081.0,1715706996082.0
85.0,307.0,1715706996006.0,1715706996084.0,1715706996084.0
166.0,329.0,1715706996006.0,1715706996084.0,1715706996085.0
348.0,133.0,1715706996006.0,1715706996085.0,1715706996086.0
338.0,185.0,1715706996008.0,1715706996088.0,1715706996088.0
349.0,72.0,1715706996008.0,1715706996090.0,1715706996090.0
308.0,72.0,1715706996008.0,1715706996091.0,1715706996091.0
204.0,324.0,1715706996008.0,1715706996091.0,1715706996091.0
313.0,73.0,1715706996008.0,1715706996091.0,1715706996092.0
292.0,345.0,1715707413463.0,1715707413482.0,1715707413484.0
303.0,331.0,1715707413463.0,1715707413484.0,1715707413484.0
344.0,176.0,1715707413463.0,1715707413484.0,1715707413494.0
348.0,231.0,1715707413463.0,1715707413495.0,1715707413499.0
319.0,141.0,1715707413463.0,1715707413499.0,1715707413502.0
218.0,306.0,1715707413463.0,1715707413502.0,1715707413502.0
309.0,180.0,1715707413463.0,1715707413506.0,1715707413506.0
311.0,69.0,1715707413463.0,1715707413514.0,1715707413522.0
302.0,294.0,1715707413463.0,1715707413527.0,1715707413527.0
96.0,310.0,1715707413473.0,1715707413530.0,1715707413530.0
76.0,308.0,1715707413473.0,1715707413555.0,1715707413563.0
330.0,114.0,1715707413473.0,1715707413572.0,1715707413573.0
216.0,323.0,1715707413478.0,1715707413588.0,1715707413591.0
310.0,345.0,1715707413478.0,1715707413596.0,1715707413596.0
101.0,310.0,1715707413479.0,1715707413598.0,1715707413598.0
337.0,57.0,1715707413479.0,1715707413598.0,1715707413598.0
311.0,348.0,1715707413479.0,1715707413600.0,1715707413601.0
251.0,341.0,1715707413480.0,1715707413601.0,1715707413602.0
340.0,332.0,1715707413480.0,1715707413603.0,1715707413603.0
322.0,96.0,1715707413482.0,1715707413603.0,1715707413608.0
349.0,92.0,1715707413482.0,1715707413615.0,1715707413615.0
257.0,308.0,1715707413482.0,1715707413620.0,1715707413624.0
208.0,336.0,1715707413484.0,1715707413624.0,1715707413626.0
224.0,304.0,1715707413484.0,1715707413633.0,1715707413635.0
70.0,349.0,1715707413484.0,1715707413635.0,1715707413635.0
349.0,250.0,1715707413484.0,1715707413635.0,1715707413635.0
323.0,200.0,1715707413484.0,1715707413639.0,1715707413640.0
154.0,334.0,1715707413484.0,1715707413641.0,1715707413641.0
156.0,321.0,1715707413484.0,1715707413647.0,1715707413647.0
310.0,328.0,1715707413484.0,1715707413647.0,1715707413647.0
236.0,301.0,1715707413484.0,1715707413653.0,1715707413653.0
338.0,166.0,1715707648942.0,1715707648950.0,1715707648950.0
332.0,87.0,1715707648942.0,1715707648950.0,1715707648950.0
348.0,241.0,1715707648942.0,1715707648958.0,1715707648958.0
113.0,331.0,1715707648942.0,1715707648960.0,1715707648961.0
140.0,337.0,1715707648942.0,1715707648961.0,1715707648961.0
183.0,345.0,1715707648942.0,1715707648967.0,1715707648967.0
301.0,65.0,1715707648942.0,1715707648967.0,1715707648967.0
161.0,330.0,1715707648942.0,1715707648975.0,1715707648975.0
349.0,65.0,1715707648942.0,1715707648975.0,1715707648984.0
337.0,83.0,1715707648942.0,1715707648984.0,1715707648987.0
287.0,312.0,1715707648942.0,1715707649015.0,1715707649021.0
298.0,333.0,1715707648950.0,1715707649021.0,1715707649021.0
175.0,301.0,1715707648950.0,1715707649021.0,1715707649021.0
121.0,338.0,1715707648950.0,1715707649021.0,1715707649021.0
325.0,173.0,1715707648950.0,1715707649021.0,1715707649021.0
304.0,64.0,1715707648950.0,1715707649032.0,1715707649032.0
82.0,331.0,1715707648950.0,1715707649032.0,1715707649032.0
344.0,106.0,1715707648950.0,1715707649032.0,1715707649032.0
336.0,317.0,1715707648950.0,1715707649042.0,1715707649042.0
349.0,135.0,1715707648950.0,1715707649042.0,1715707649042.0
333.0,343.0,1715707648950.0,1715707649042.0,1715707649047.0
317.0,256.0,1715707648950.0,1715707649047.0,1715707649047.0
306.0,288.0,1715707648950.0,1715707649052.0,1715707649052.0
192.0,329.0,1715707648950.0,1715707649052.0,1715707649052.0
58.0,316.0,1715707648950.0,1715707649052.0,1715707649052.0
232.0,334.0,1715707648958.0,1715707649063.0,1715707649063.0
310.0,75.0,1715707648958.0,1715707649063.0,1715707649063.0
218.0,323.0,1715707648958.0,1715707649063.0,1715707649063.0
76.0,345.0,1715707648960.0,1715707649063.0,1715707649063.0
307.0,97.0,1715707880270.0,1715707880273.0,1715707880273.0
341.0,157.0,1715707880270.0,1715707880276.0,1715707880276.0
279.0,319.0,1715707880270.0,1715707880279.0,1715707880280.0
318.0,235.0,1715707880270.0,1715707880281.0,1715707880281.0
161.0,339.0,1715707880270.0,1715707880283.0,1715707880283.0
315.0,202.0,1715707880270.0,1715707880283.0,1715707880283.0
327.0,93.0,1715707880270.0,1715707880288.0,1715707880288.0
301.0,253.0,1715707880270.0,1715707880288.0,1715707880288.0
319.0,89.0,1715707880273.0,1715707880289.0,1715707880289.0
329.0,131.0,1715707880273.0,1715707880289.0,1715707880289.0
156.0,319.0,1715707880273.0,1715707880295.0,1715707880295.0
212.0,323.0,1715707880273.0,1715707880296.0,1715707880296.0
301.0,224.0,1715707880273.0,1715707880296.0,1715707880298.0
275.0,321.0,1715707880273.0,1715707880298.0,1715707880298.0
335.0,102.0,1715707880273.0,1715707880298.0,1715707880298.0
243.0,309.0,1715707880276.0,1715707880301.0,1715707880301.0
136.0,325.0,1715707880276.0,1715707880301.0,1715707880303.0
345.0,210.0,1715707880276.0,1715707880303.0,1715707880303.0
314.0,305.0,1715707880276.0,1715707880303.0,1715707880303.0
312.0,255.0,1715707880276.0,1715707880303.0,1715707880303.0
304.0,269.0,1715707880276.0,1715707880303.0,1715707880303.0
328.0,117.0,1715707880276.0,1715707880303.0,1715707880303.0
123.0,347.0,1715707880278.0,1715707880303.0,1715707880303.0
346.0,229.0,1715707880279.0,1715707880309.0,1715707880309.0
252.0,342.0,1715707880279.0,1715707880309.0,1715707880313.0
339.0,171.0,1715707880280.0,1715707880314.0,1715707880314.0
110.0,314.0,1715707880280.0,1715707880314.0,1715707880314.0
307.0,182.0,1715707880280.0,1715707880318.0,1715707880318.0
334.0,177.0,1715707880280.0,1715707880318.0,1715707880318.0
221.0,310.0,1715707880281.0,1715707880318.0,1715707880318.0
131.0,347.0,1715754824973.0,1715754824977.0,1715754824977.0
347.0,305.0,1715754824973.0,1715754824977.0,1715754824977.0
115.0,313.0,1715754824977.0,1715754824977.0,1715754824977.0
322.0,288.0,1715754824977.0,1715754824977.0,1715754824977.0
340.0,94.0,1715754824977.0,1715754824977.0,1715754824977.0
155.0,307.0,1715754824977.0,1715754824977.0,1715754824977.0
319.0,202.0,1715754824977.0,1715754824977.0,1715754824977.0
305.0,145.0,1715754824977.0,1715754824977.0,1715754824977.0
257.0,307.0,1715754824977.0,1715754824984.0,1715754824984.0
343.0,106.0,1715754824977.0,1715754824985.0,1715754824985.0
107.0,324.0,1715754824977.0,1715754824986.0,1715754824986.0
253.0,330.0,1715754824977.0,1715754824986.0,1715754824986.0
108.0,342.0,1715754824977.0,1715754824986.0,1715754824987.0
332.0,155.0,1715754824977.0,1715754824987.0,1715754824987.0
329.0,54.0,1715754824977.0,1715754824987.0,1715754824987.0
344.0,109.0,1715754824977.0,1715754824988.0,1715754824988.0
190.0,325.0,1715754824977.0,1715754824988.0,1715754824988.0
196.0,336.0,1715754824977.0,1715754824988.0,1715754824989.0
109.0,330.0,1715754824977.0,1715754824989.0,1715754824990.0
329.0,107.0,1715754824977.0,1715754824990.0,1715754824990.0
313.0,227.0,1715754824977.0,1715754824991.0,1715754824991.0
123.0,348.0,1715754824977.0,1715754824993.0,1715754824993.0
325.0,317.0,1715754824977.0,1715754824993.0,1715754824993.0
332.0,95.0,1715754824977.0,1715754824997.0,1715754824997.0
324.0,247.0,1715754824977.0,1715754824999.0,1715754825000.0
344.0,128.0,1715754824977.0,1715754825000.0,1715754825000.0
323.0,273.0,1715754824977.0,1715754825000.0,1715754825000.0
334.0,224.0,1715754824977.0,1715754825001.0,1715754825001.0
242.0,349.0,1715754824977.0,1715754825002.0,1715754825002.0
50.0,343.0,1715754824977.0,1715754825002.0,1715754825002.0
175.0,315.0,1715754824977.0,1715754825002.0,1715754825002.0
240.0,310.0,1715754824977.0,1715754825003.0,1715754825003.0
188.0,346.0,1715754824977.0,1715754825003.0,1715754825004.0
331.0,244.0,1715755131853.0,1715755131861.0,1715755131861.0
78.0,311.0,1715755131861.0,1715755131882.0,1715755131886.0
81.0,319.0,1715755131861.0,1715755131888.0,1715755131888.0
125.0,324.0,1715755131861.0,1715755131888.0,1715755131888.0
329.0,274.0,1715755131861.0,1715755131888.0,1715755131888.0
167.0,323.0,1715755131861.0,1715755131891.0,1715755131891.0
133.0,313.0,1715755131861.0,1715755131893.0,1715755131893.0
312.0,143.0,1715755131861.0,1715755131895.0,1715755131895.0
193.0,308.0,1715755131872.0,1715755131895.0,1715755131895.0
349.0,255.0,1715755131872.0,1715755131895.0,1715755131903.0
314.0,114.0,1715755131872.0,1715755131903.0,1715755131903.0
181.0,324.0,1715755131872.0,1715755131906.0,1715755131906.0
313.0,58.0,1715755131872.0,1715755131913.0,1715755131913.0
140.0,331.0,1715755131872.0,1715755131913.0,1715755131913.0
245.0,307.0,1715755131872.0,1715755131913.0,1715755131913.0
151.0,349.0,1715755131872.0,1715755131922.0,1715755131922.0
312.0,262.0,1715755131877.0,1715755131923.0,1715755131923.0
261.0,315.0,1715756099734.0,1715756099734.0,1715756099749.0
314.0,309.0,1715756099734.0,1715756099749.0,1715756099749.0
170.0,314.0,1715756099734.0,1715756099749.0,1715756099749.0
313.0,74.0,1715756099734.0,1715756099765.0,1715756099765.0
336.0,303.0,1715756099734.0,1715756099765.0,1715756099765.0
348.0,122.0,1715756099734.0,1715756099765.0,1715756099765.0
244.0,345.0,1715756099734.0,1715756099765.0,1715756099765.0
335.0,52.0,1715756099734.0,1715756099765.0,1715756099781.0
332.0,263.0,1715756099734.0,1715756099781.0,1715756099803.0
59.0,329.0,1715756099734.0,1715756099806.0,1715756099806.0
304.0,236.0,1715756099734.0,1715756099806.0,1715756099820.0
339.0,167.0,1715756099734.0,1715756099820.0,1715756099820.0
336.0,298.0,1715756099734.0,1715756099820.0,1715756099820.0
258.0,341.0,1715756099734.0,1715756099820.0,1715756099820.0
332.0,223.0,1715756099734.0,1715756099835.0,1715756099835.0
328.0,193.0,1715756099734.0,1715756099835.0,1715756099835.0
328.0,178.0,1715756099734.0,1715756099835.0,1715756099835.0
80.0,343.0,1715756099734.0,1715756099867.0,1715756099867.0
348.0,129.0,1715756099734.0,1715756099867.0,1715756099867.0
192.0,329.0,1715756099734.0,1715756099867.0,1715756099867.0
341.0,148.0,1715756099734.0,1715756099867.0,1715756099867.0
301.0,263.0,1715756099734.0,1715756099867.0,1715756099867.0
336.0,177.0,1715756099734.0,1715756099867.0,1715756099867.0
321.0,269.0,1715756099734.0,1715756099867.0,1715756099867.0
116.0,347.0,1715756099749.0,1715756099882.0,1715756099882.0
270.0,335.0,1715756099749.0,1715756099882.0,1715756099882.0
313.0,270.0,1715756099749.0,1715756099882.0,1715756099882.0
328.0,327.0,1715756099749.0,1715756099882.0,1715756099882.0
318.0,75.0,1715756099749.0,1715756099882.0,1715756099882.0
162.0,346.0,1715756099749.0,1715756099882.0,1715756099882.0
324.0,140.0,1715756099765.0,1715756099882.0,1715756099882.0
349.0,166.0,1715756099765.0,1715756099882.0,1715756099882.0
